Year,CPI,HousingIndex_USA,HousingIndex_Mountain,Mortgage_Rate,Consumer_Inflation_Rate,House_Inflation_Rate_USA,House_Inflation_Rate_Mountain
1991.0833333333333,134.7,100.0,100.0,9.64,0.8908685968821217,5.519999999999925,-14.400000000000013
1991.1666666666667,134.8,100.46,98.8,9.37,0.0,0.23890105514645654,22.95546558704462
1991.25,134.8,100.48,100.69,9.5,2.670623145400519,-1.6719745222930182,-3.575330221471873
1991.3333333333333,135.1,100.34,100.39,9.49,4.44115470022215,0.5979669124975828,1.4344058173126228
1991.4166666666667,135.6,100.39,100.51,9.47,3.5398230088497407,1.4344058173126228,12.416674957715657
1991.5,136.0,100.51,101.55,9.62,1.764705882352935,0.4775644214504382,-2.127031019202219
1991.5833333333333,136.2,100.55,101.37,9.58,3.5242290748898952,-2.0288413724515397,-1.3021604024859634
1991.6666666666667,136.6,100.38,101.26,9.24,3.5139092240117797,2.8690974297669314,6.162354335374243
1991.75,137.0,100.62,101.78,9.01,1.751824817518166,3.697078115682828,8.842601689919327
1991.8333333333333,137.2,100.93,102.53,8.86,5.247813411078894,5.9447141583274465,14.161708768165404
1991.9166666666667,137.8,101.43,103.74,8.71,3.4833091436864194,5.323868677905708,-0.9253903990745993
1992.0,138.2,101.88,103.66,8.5,0.8683068017369067,4.240282685512398,9.376808797993519
1992.0833333333333,138.3,102.24,104.47,8.43,2.672605790645899,2.2399999999999975,4.469999999999996
1992.1666666666667,138.6,102.97,105.54,8.76,2.8189910979228294,2.498506868405337,6.821862348178143
1992.25,139.1,102.82,105.99,8.94,3.189910979228472,2.32882165605095,5.263680603833554
1992.3333333333333,139.4,102.57,105.92,8.85,3.1828275351591495,2.222443691449061,5.508516784540296
1992.4166666666667,139.7,102.59,106.32,8.67,3.0235988200590036,2.1914533320051888,5.780519351308322
1992.5,140.1,102.53,106.97,8.51,3.0147058823529305,2.0097502736046158,5.337272279665184
1992.5833333333333,140.5,102.87,107.27,8.13,3.1571218795888534,2.3073097961213485,5.820262405050802
1992.6666666666667,140.8,103.33,107.98,7.98,3.0746705710102518,2.9388324367403795,6.636381591941531
1992.75,141.1,103.72,108.44,7.92,2.9927007299270114,3.0808984297356234,6.543525250540383
1992.8333333333333,141.7,104.04,109.54,8.09,3.279883381924198,3.0813435053997917,6.837023310250667
1992.9166666666667,142.1,104.31,110.15,8.31,3.1204644412191396,2.839396628216506,6.178908810487771
1993.0,142.3,104.22,111.17,8.22,2.966714905933454,2.29681978798586,7.244838896392047
1993.0833333333333,142.8,104.27,111.87,8.02,3.2537960954446943,1.9855242566510167,7.0833732171915464
1993.1666666666667,143.1,104.07,112.29,7.68,3.2467532467532534,1.0682723123239812,6.395679363274587
1993.25,143.3,104.39,112.55,7.5,3.0194104960460155,1.5269402839914514,6.189263138031897
1993.3333333333333,143.8,105.03,113.93,7.47,3.1563845050215145,2.3983620941795847,7.562311178247749
1993.4166666666667,144.2,105.27,114.71,7.47,3.2211882605583497,2.6123403840530246,7.891271632806629
1993.5,144.3,105.62,115.65,7.42,2.9978586723768963,3.0137520725641354,8.114424605029447
1993.5833333333333,144.5,105.68,116.62,7.21,2.8469750889679624,2.7316029940701814,8.71632329635501
1993.6666666666667,144.8,106.07,117.81,7.11,2.840909090909083,2.6516984418852196,9.103537692165208
1993.75,145.0,106.46,119.15,6.92,2.7639971651311157,2.6417277284997986,9.876429361859106
1993.8333333333333,145.6,106.68,119.77,6.83,2.752293577981657,2.5374855824682907,9.339054226766464
1993.9166666666667,146.0,107.01,120.97,7.16,2.7445460942997935,2.5884383088869756,9.822968679073973
1994.0,146.3,107.53,121.75,7.17,2.8109627547435068,3.1759739013625055,9.51695601331295
1994.0833333333333,146.3,107.78,122.58,7.06,2.450980392156854,3.3662606694159436,9.573612228479478
1994.1666666666667,146.7,108.02,124.0,7.15,2.515723270440251,3.795522244643035,10.428355151838975
1994.25,147.1,108.39,124.95,7.68,2.6517794836008246,3.8317846537024636,11.017325633051978
1994.3333333333333,147.2,108.72,125.8,8.32,2.364394993045882,3.513281919451594,10.418678135697345
1994.4166666666667,147.5,109.08,127.32,8.6,2.288488210818307,3.6192647477913953,10.992938715020495
1994.5,147.9,109.26,128.12,8.4,2.494802494802495,3.4463169854194176,10.782533506268921
1994.5833333333333,148.4,109.38,128.6,8.61,2.69896193771626,3.501135503406494,10.272680500771724
1994.6666666666667,149.0,109.66,129.38,8.51,2.900552486187835,3.384557367776009,9.820898056192174
1994.75,149.3,109.72,129.97,8.64,2.965517241379323,3.0621829795228317,9.080990348300455
1994.8333333333333,149.4,110.0,130.65,8.93,2.609890109890123,3.112110986126737,9.08407781581364
1994.9166666666667,149.8,110.24,131.14,9.17,2.602739726027403,3.0184094944397666,8.407043068529374
1995.0,150.1,110.23,131.91,9.2,2.597402597402576,2.5109271831116997,8.344969199178642
1995.0833333333333,150.5,110.54,131.88,9.15,2.8708133971291794,2.5607719428465403,7.586882036221243
1995.1666666666667,150.9,111.13,133.26,8.83,2.862985685071595,2.8790964636178584,7.467741935483874
1995.25,151.2,110.99,133.19,8.46,2.7872195785180187,2.398745271704028,6.594637855142049
1995.3333333333333,151.8,111.24,133.91,8.32,3.125000000000022,2.3178807947019875,6.446740858505562
1995.4166666666667,152.1,111.38,134.16,7.96,3.1186440677966054,2.108544187752104,5.372290292177184
1995.5,152.4,111.76,135.43,7.57,3.0425963488843744,2.2881200805418223,5.705588510771165
1995.5833333333333,152.6,112.28,135.92,7.61,2.8301886792452713,2.6513073688060107,5.692068429237951
1995.6666666666667,152.9,112.57,136.46,7.86,2.6174496644295386,2.653656757249667,5.472252280105128
1995.75,153.1,112.82,137.26,7.64,2.54521098459477,2.825373678454235,5.608986689235973
1995.8333333333333,153.5,112.87,137.08,7.48,2.7443105756358666,2.6090909090909165,4.921546115575981
1995.9166666666667,153.7,113.1,137.54,7.38,2.603471295060067,2.594339622641506,4.880280616135435
1996.0,153.9,113.57,138.57,7.2,2.5316455696202667,3.0300281230154935,5.04889697521036
1996.0833333333333,154.7,113.98,138.8,7.03,2.7906976744185963,3.1119956576804775,5.2471944191689435
1996.1666666666667,155.0,114.14,139.36,7.08,2.717031146454607,2.7085395482767893,4.577517634699091
1996.25,155.5,114.57,140.25,7.62,2.8439153439153486,3.2255158122353356,5.300698250619407
1996.3333333333333,156.1,114.83,140.8,7.93,2.832674571805005,3.2272563825961997,5.145246807557324
1996.4166666666667,156.4,115.09,140.82,8.07,2.827087442472065,3.330939127311905,4.964221824686943
1996.5,156.7,115.2,141.33,8.32,2.8215223097112663,3.078024337866858,4.356494129808763
1996.5833333333333,157.0,115.58,142.09,8.25,2.8833551769331667,2.939080869255428,4.539434961742206
1996.6666666666667,157.2,115.59,141.81,8.0,2.8122956180510084,2.6827751621213647,3.920562802286387
1996.75,157.7,115.89,142.33,8.23,3.0045721750489918,2.7211487324942496,3.6937199475448157
1996.8333333333333,158.2,116.0,142.66,7.92,3.0618892508143203,2.773101798529276,4.070615698861957
1996.9166666666667,158.7,116.33,143.04,7.62,3.2530904359141077,2.8558797524314894,3.9988367020503235
1997.0,159.1,116.68,142.99,7.6,3.378817413905133,2.738399225147492,3.1897236053979983
1997.0833333333333,159.4,116.84,143.96,7.82,3.0381383322559907,2.509212142481143,3.7175792507204486
1997.1666666666667,159.7,117.12,144.31,7.65,3.0322580645161246,2.6108288067285823,3.551951779563711
1997.25,159.8,117.58,144.81,7.9,2.7652733118971096,2.6272148031770914,3.251336898395718
1997.3333333333333,159.9,117.81,145.11,8.14,2.434336963484962,2.5951406426891976,3.061079545454537
1997.4166666666667,159.9,118.25,145.4,7.94,2.237851662404089,2.745677296029192,3.2523789234483846
1997.5,160.2,118.28,145.54,7.69,2.233567326100827,2.673611111111107,2.9788438406566087
1997.5833333333333,160.4,118.6,145.91,7.5,2.165605095541401,2.612908807752201,2.688436906186209
1997.6666666666667,160.8,119.03,146.45,7.48,2.2900763358778775,2.9760359892724297,3.271983640081788
1997.75,161.2,119.19,146.58,7.43,2.21940393151554,2.8475278281128613,2.9860184079252505
1997.8333333333333,161.5,119.81,147.15,7.29,2.0859671302149163,3.2844827586206993,3.147343333800645
1997.9166666666667,161.7,120.21,147.43,7.21,1.8903591682419618,3.3353391214647976,3.0690715883669117
1998.0,161.8,120.6,148.03,7.1,1.6970458830924073,3.3596160438806866,3.5247220085320663
1998.0833333333333,162.0,121.05,148.31,6.99,1.6311166875784044,3.603218076001369,3.021672686857446
1998.1666666666667,162.0,121.91,149.38,7.04,1.440200375704448,4.089822404371568,3.5132700436560027
1998.25,162.0,122.31,149.48,7.13,1.3767209011263937,4.022792992005453,3.2249154063945795
1998.3333333333333,162.2,122.87,150.46,7.14,1.4383989993745905,4.29505135387489,3.686858245468949
1998.4166666666667,162.6,123.35,150.77,7.14,1.6885553470919357,4.312896405919653,3.693259972489682
1998.5,162.8,124.14,151.18,7.0,1.6229712858926382,4.9543456205613845,3.8752233063075625
1998.5833333333333,163.2,124.47,151.76,6.95,1.74563591022443,4.949409780775715,4.009320814200534
1998.6666666666667,163.4,124.98,152.53,6.92,1.6169154228855787,4.998739813492392,4.151587572550364
1998.75,163.5,125.79,152.89,6.72,1.4267990074441794,5.537377296753099,4.3048164824669
1998.8333333333333,163.9,126.31,153.83,6.71,1.4860681114551078,5.42525665637259,4.539585457016648
1998.9166666666667,164.1,127.14,154.28,6.87,1.4842300556586308,5.764911405041184,4.646272807434038
1999.0,164.4,127.73,155.03,6.72,1.606922126081578,5.912106135986739,4.7287711950280364
1999.0833333333333,164.7,128.45,155.43,6.79,1.6666666666666607,6.113176373399409,4.800755174971338
1999.1666666666667,164.7,128.96,156.32,6.81,1.6666666666666607,5.78295463866787,4.645869594323204
1999.25,164.8,129.55,157.87,7.04,1.7283950617283939,5.919385168833302,5.612791008830631
1999.3333333333333,165.9,130.16,157.53,6.92,2.281134401972884,5.933100024416049,4.698923301874247
1999.4166666666667,166.0,130.94,158.56,7.15,2.091020910209096,6.153222537494929,5.166810373416464
1999.5,166.0,131.56,159.22,7.55,1.9656019656019597,5.977122603512175,5.31816377827754
1999.5833333333333,166.7,132.28,160.03,7.63,2.1446078431372584,6.274604322326671,5.449393779652079
1999.6666666666667,167.1,133.08,160.89,7.94,2.2643818849449104,6.481036965914555,5.480889005441547
1999.75,167.8,133.47,162.28,7.82,2.629969418960254,6.105413784879565,6.1416704820459245
1999.8333333333333,168.1,134.26,162.09,7.85,2.56253813300793,6.294038476763508,5.36956380419944
1999.9166666666667,168.4,134.83,163.12,7.74,2.6203534430225606,6.048450526978133,5.729841845994299
2000.0,168.8,135.51,163.7,7.91,2.676399026763998,6.090973146480838,5.592465974327543
2000.0833333333333,169.3,137.09,164.88,8.21,2.792956891317555,6.726352666407176,6.079907353792691
2000.1666666666667,170.0,136.9,165.12,8.33,3.2179720704310855,6.156947890818865,5.629477993858756
2000.25,171.0,137.96,166.02,8.24,3.762135922330101,6.491702045542258,5.162475454487869
2000.3333333333333,170.9,138.91,166.62,8.15,3.013863773357439,6.722495390288885,5.770329461055046
2000.4166666666667,171.2,139.48,167.24,8.52,3.1325301204819134,6.522071177638611,5.474268415741679
2000.5,172.2,140.45,168.5,8.29,3.7349397590361377,6.757373061720884,5.828413515889963
2000.5833333333333,172.7,141.17,169.11,8.15,3.5992801439711952,6.720592682189275,5.6739361369743335
2000.6666666666667,172.7,141.72,169.58,8.03,3.3512866546977715,6.4923354373309206,5.401205792777697
2000.75,173.6,142.59,169.83,7.91,3.45649582836709,6.832996178916617,4.652452551146169
2000.8333333333333,173.9,143.38,171.09,7.8,3.4503271861986873,6.792790108744229,5.552470849528035
2000.9166666666667,174.2,144.26,172.2,7.75,3.444180522565321,6.993992434918028,5.566454144188326
2001.0,174.6,145.12,172.85,7.38,3.4360189573459543,7.091727547782467,5.589492974954191
2001.0833333333333,175.6,146.03,174.62,7.03,3.7212049616065945,6.521263403603461,5.907326540514313
2001.1666666666667,176.0,147.03,175.67,7.05,3.529411764705892,7.39956172388605,6.389292635658905
2001.25,176.1,147.82,176.02,6.95,2.9824561403508643,7.146999130182641,6.023370678231532
2001.3333333333333,176.4,148.69,176.52,7.08,3.2182562902282053,7.040529839464393,5.941663665826424
2001.4166666666667,177.3,149.35,177.95,7.15,3.5630841121495394,7.0762833381129875,6.403970342023424
2001.5,177.7,150.07,178.39,7.16,3.193960511033689,6.849412602349592,5.869436201780398
2001.5833333333333,177.4,150.9,178.61,7.13,2.7214823393167498,6.892399234964941,5.617645319614462
2001.6666666666667,177.4,151.62,179.23,6.95,2.7214823393167498,6.9856054191363315,5.690529543578249
2001.75,178.1,152.41,179.14,6.82,2.5921658986175045,6.886878462725288,5.481952540776058
2001.8333333333333,177.6,153.36,180.09,6.62,2.127659574468077,6.960524480401742,5.260389268805898
2001.9166666666667,177.5,153.82,181.34,6.66,1.894374282433997,6.626923610148339,5.30778164924508
2002.0,177.4,154.82,181.72,7.07,1.603665521191311,6.684123484013216,5.131617008967315
2002.0833333333333,177.7,155.7,182.74,7.0,1.1958997722095743,6.621927001301087,4.650097354254945
2002.1666666666667,178.0,156.59,183.77,6.89,1.1363636363636465,6.502074406583702,4.610918198895675
2002.25,178.5,157.61,184.31,7.01,1.3628620102214661,6.622919767284552,4.7096920804454045
2002.3333333333333,179.3,158.44,184.94,6.99,1.643990929705219,6.557266796691108,4.7699977339678235
2002.4166666666667,179.5,159.5,185.44,6.81,1.2408347433727984,6.796116504854366,4.209047485248663
2002.5,179.6,160.53,185.93,6.65,1.0692177827799743,6.970080629039788,4.226694321430591
2002.5833333333333,180.0,161.52,186.88,6.49,1.465614430665152,7.037773359840949,4.630199876826602
2002.6666666666667,180.5,162.57,188.52,6.29,1.747463359639223,7.222002374356928,5.183284048429404
2002.75,180.8,163.56,188.44,6.09,1.516002245929271,7.315792926973308,5.191470358378925
2002.8333333333333,181.2,164.7,190.15,6.11,2.0270270270270174,7.394366197183078,5.586095840968408
2002.9166666666667,181.5,165.66,190.84,6.07,2.2535211267605604,7.69730854245223,5.23877798610346
2003.0,181.8,166.87,192.34,6.05,2.4802705749718212,7.783232140550322,5.844155844155852
2003.0833333333333,182.6,167.88,192.95,5.92,2.757456387169399,7.822736030828525,5.587173032724069
2003.1666666666667,183.6,168.93,193.62,5.84,3.146067415730336,7.880452136151739,5.359960820590959
2003.25,183.9,169.5,194.58,5.75,3.025210084033625,7.543937567413228,5.572133904834242
2003.3333333333333,183.2,170.55,195.54,5.81,2.175125488008911,7.643271901035109,5.7315886233372915
2003.4166666666667,182.9,171.46,196.26,5.48,1.8941504178273005,7.498432601880878,5.834771354616053
2003.5,183.1,172.29,197.02,5.23,1.948775055679297,7.325733507755561,5.964610337223686
2003.5833333333333,183.7,173.55,198.83,5.63,2.055555555555544,7.447994056463592,6.394477739726034
2003.6666666666667,184.5,174.82,199.53,6.26,2.216066481994461,7.535215599434086,5.840229153405474
2003.75,185.1,176.24,201.67,6.15,2.378318584070782,7.752506725360719,7.020802377414559
2003.8333333333333,184.9,177.27,202.63,5.95,2.041942604856528,7.632058287796006,6.5632395477254635
2003.9166666666667,185.0,178.66,203.7,5.93,1.9283746556473913,7.847398285645291,6.738629218193237
2004.0,185.5,180.15,206.01,5.88,2.0352035203520247,7.958290885120145,7.107205989393783
2004.0833333333333,186.3,181.31,208.35,5.74,2.026286966046009,7.999761734572308,7.981342316662343
2004.1666666666667,186.7,182.68,209.04,5.64,1.688453159041381,8.139466051027044,7.964053300278895
2004.25,187.1,184.03,210.89,5.45,1.7400761283306032,8.572271386430685,8.382156439510723
2004.3333333333333,187.4,185.56,214.19,5.83,2.2925764192139875,8.800938141307535,9.537690498107798
2004.4166666666667,188.2,187.3,215.45,6.27,2.8977583378895444,9.238306310509747,9.77784571486804
2004.5,188.9,189.25,219.01,6.29,3.1676679410158393,9.84386789715015,11.16130342097248
2004.5833333333333,189.1,190.77,221.33,6.06,2.939575394665228,9.92221261884183,11.316199768646573
2004.6666666666667,189.2,192.14,222.72,5.87,2.5474254742547275,9.90733325706441,11.622312434220428
2004.75,189.8,193.64,226.68,5.75,2.5391680172879516,9.872900590104393,12.401447909951901
2004.8333333333333,190.8,195.11,227.57,5.72,3.1909140075716547,10.06374457042929,12.308147855697582
2004.9166666666667,191.7,196.87,230.62,5.73,3.621621621621607,10.192544497929035,13.21551300932744
2005.0,191.7,198.61,232.86,5.75,3.3423180592991875,10.247016375242858,13.033347895733227
2005.0833333333333,191.6,200.03,235.39,5.71,2.8448738593666034,10.324857978048652,12.978161747060234
2005.1666666666667,192.4,201.45,240.6,5.63,3.0530262453133394,10.274797460039409,15.097588978186005
2005.25,193.1,203.5,242.82,5.93,3.2068412613575736,10.579796772265393,15.140594622789138
2005.3333333333333,193.7,205.33,247.37,5.86,3.3617929562433257,10.654235826686786,15.490919277277193
2005.4166666666667,193.6,206.99,250.88,5.72,2.869287991498415,10.512546716497596,16.444650731028077
2005.5,193.7,208.8,254.11,5.58,2.541026998411855,10.330250990752976,16.026665449066257
2005.5833333333333,194.9,210.9,257.35,5.7,3.067160232681121,10.551973580751683,16.274341481046406
2005.6666666666667,196.1,212.4,261.72,5.82,3.6469344608879517,10.544394712189042,17.51077586206897
2005.75,198.8,214.35,265.55,5.77,4.741833508956805,10.695104317289816,17.14752073407446
2005.8333333333333,199.1,215.57,268.73,6.07,4.350104821802936,10.486392291527835,18.086742540756706
2005.9166666666667,198.1,216.96,271.04,6.33,3.3385498174230532,10.204703611520305,17.526667244818327
2006.0,198.1,218.27,273.76,6.27,3.3385498174230532,9.89879663662454,17.564201666237224
2006.0833333333333,199.3,219.66,276.27,6.15,4.018789144050117,9.813527970804369,17.366922978886112
2006.1666666666667,199.4,220.04,278.76,6.25,3.63825363825363,9.228096301811872,15.860349127182038
2006.25,199.7,220.9,280.7,6.32,3.4179181771103018,8.550368550368548,15.600032946215304
2006.3333333333333,200.7,221.33,280.68,6.51,3.613835828600931,7.792334291141079,13.465658729837893
2006.4166666666667,201.3,221.9,283.16,6.6,3.9772727272727293,7.203246533648966,12.866709183673475
2006.5,201.8,221.88,283.33,6.68,4.1817243159525175,6.2643678160919425,11.498957144543699
2006.5833333333333,202.9,221.74,283.56,6.76,4.104669061056954,5.139876718824099,10.184573537983276
2006.6666666666667,203.8,222.34,284.74,6.52,3.926568077511483,4.679849340866293,8.795659483417385
2006.75,202.8,222.31,284.78,6.4,2.012072434607637,3.713552600886394,7.241574091508185
2006.8333333333333,201.9,222.55,288.09,6.36,1.4063284781516971,3.2379273553834187,7.204257060990571
2006.9166666666667,202.0,223.21,289.44,6.24,1.9687026754164672,2.880715339233042,6.788665879574962
2007.0,203.1,223.29,290.04,6.14,2.5239777889954462,2.2999037888853158,5.946814728229111
2007.0833333333333,203.437,224.06,290.17,6.22,2.075765178123423,2.00309569334427,5.031309950410834
2007.1666666666667,204.226,224.1,289.23,6.29,2.420260782347028,1.845119069260126,3.7559190701679013
2007.25,205.288,225.01,292.09,6.16,2.798197295943927,1.8605703938433527,4.057712860705376
2007.3333333333333,205.904,225.07,291.82,6.18,2.5929247633283525,1.6897844847060917,3.9689325922758867
2007.4166666666667,206.755,223.96,289.66,6.26,2.709885742672613,0.928346101847688,2.2955219663794324
2007.5,207.234,223.09,290.28,6.66,2.692765113974227,0.5453398233279394,2.4529700349415817
2007.5833333333333,207.603,222.0,289.04,6.7,2.3178905864958077,0.11725444213943614,1.932571589786991
2007.6666666666667,207.667,220.97,287.13,6.57,1.897448478900876,-0.6161734280831221,0.8393622251878785
2007.75,208.547,220.16,285.05,6.38,2.8338264299802685,-0.9671179883945835,0.09481002879416778
2007.8333333333333,209.19,218.29,281.16,6.38,3.610698365527476,-1.9141765895304474,-2.405498281786922
2007.9166666666667,210.834,216.81,279.7,6.21,4.373267326732666,-2.8672550512969908,-3.3651188501934826
2008.0,211.445,215.71,276.34,6.1,4.108813392417532,-3.394688521653444,-4.723486415666822
2008.0833333333333,212.174,213.86,273.29,5.76,4.294695655165981,-4.552352048558417,-5.817279525795227
2008.1666666666667,212.687,212.5,273.94,5.92,4.142959270611968,-5.176260597947346,-5.2864502299208365
2008.25,213.448,210.69,271.48,5.97,3.9749035501344343,-6.364161592818096,-7.056044369885983
2008.3333333333333,213.942,208.33,265.78,5.92,3.9037609759888126,-7.437686053227877,-8.923308889041193
2008.4166666666667,215.208,206.05,263.26,6.04,4.088413823123993,-7.996963743525631,-9.114133812055524
2008.5,217.463,204.71,259.52,6.32,4.935966105947864,-8.238827379084668,-10.59666528868678
2008.5833333333333,219.016,202.84,255.43,6.43,5.497512078341837,-8.63063063063063,-11.62814835316912
2008.6666666666667,218.69,200.73,252.18,6.48,5.308017162091239,-9.159614427297825,-12.172186814334962
2008.75,218.877,198.98,249.77,6.04,4.953319875136075,-9.620276162790697,-12.376776004209788
2008.8333333333333,216.995,197.29,243.22,6.2,3.7310578899565128,-9.620229969306882,-13.494095888462098
2008.9166666666667,213.153,193.82,237.89,6.09,1.0999174706166848,-10.603754439370883,-14.948158741508767
2009.0,211.398,193.25,238.91,5.33,-0.02222800255385904,-10.412127393259475,-13.544908446117098
2009.0833333333333,211.933,194.79,239.74,5.06,-0.11358601902212717,-8.917048536425709,-12.276336492370742
2009.1666666666667,212.705,195.04,238.17,5.13,0.008463140671510772,-8.216470588235303,-13.057603854858735
2009.25,212.495,192.81,231.26,5.0,-0.4464787676623838,-8.486401822582945,-14.815087667599835
2009.3333333333333,212.709,191.57,230.39,4.81,-0.5763244243767063,-8.044928718859513,-13.315524117691325
2009.4166666666667,213.022,191.42,228.33,4.86,-1.015761495855172,-7.100218393593805,-13.268251918255714
2009.5,214.79,191.36,226.67,5.42,-1.2291746182109153,-6.521420546138435,-12.657983970406905
2009.5833333333333,214.726,190.74,226.07,5.22,-1.9587610037622771,-5.9652928416485835,-11.494342872802733
2009.6666666666667,215.445,190.48,224.82,5.19,-1.4838355663267633,-5.106361779504809,-10.849393290506782
2009.75,215.861,190.28,223.15,5.06,-1.377942862886472,-4.372298723489787,-10.65780518076631
2009.8333333333333,216.509,190.6,223.73,4.95,-0.22396829420033848,-3.3909473364083342,-8.013321272921637
2009.9166666666667,217.234,191.22,224.35,4.88,1.9145871744709275,-1.3414508306676232,-5.691706250788176
2010.0,217.347,189.39,220.93,4.93,2.8141231232083674,-1.9974126778784074,-7.525846553095306
2010.0833333333333,217.488,189.39,221.72,5.03,2.6211113889767157,-2.772216232866165,-7.516476182531084
2010.1666666666667,217.281,188.62,219.66,4.99,2.151336357866529,-3.2916324856439694,-7.771759667464417
2010.25,217.353,188.44,219.17,4.97,2.2861714393279886,-2.266479954359213,-5.227882037533515
2010.3333333333333,217.403,188.69,219.59,5.1,2.2067707525304403,-1.5033669154878138,-4.687703459351522
2010.4166666666667,217.29,188.69,216.99,4.89,2.003548929218568,-1.4261832619370973,-4.966495861253451
2010.5,217.199,186.72,213.4,4.74,1.1215605940686268,-2.4247491638796026,-5.854325671681293
2010.5833333333333,217.605,185.56,212.02,4.56,1.3407784804821077,-2.715738701897874,-6.214889193612594
2010.6666666666667,217.923,185.37,211.48,4.43,1.1501775395112546,-2.6826963460730657,-5.9336357975269145
2010.75,218.275,183.63,208.75,4.35,1.1183122472331775,-3.494849695186042,-6.453058480842488
2010.8333333333333,219.035,183.87,209.79,4.23,1.1666951489314625,-3.5309548793284296,-6.230724534036558
2010.9166666666667,219.59,183.29,205.6,4.3,1.084544776600338,-4.147055747306771,-8.357477156229109
2011.0,220.472,181.97,205.41,4.71,1.437793022217937,-3.9178414911030135,-7.024849499841579
2011.0833333333333,221.187,180.84,205.1,4.76,1.7007834915029774,-4.514493901473138,-7.495940826267367
2011.1666666666667,221.898,179.29,199.36,4.95,2.124898173333145,-4.946453186300504,-9.241555130656465
2011.25,223.046,177.29,198.61,4.84,2.619241510354109,-5.917002759499046,-9.380845918693236
2011.3333333333333,224.093,177.72,196.77,4.84,3.0772344447868694,-5.8137686151889305,-10.39209435766656
2011.4166666666667,224.806,177.29,196.53,4.64,3.4589718808964998,-6.041655625629339,-9.429005944974422
2011.5,224.806,177.8,196.51,4.51,3.5023181506360412,-4.777206512425014,-7.914714151827562
2011.5833333333333,225.395,178.17,197.29,4.55,3.5798809769996165,-3.982539340375091,-6.947457787001232
2011.6666666666667,226.106,177.65,197.12,4.27,3.75499603070808,-4.1646436856017655,-6.790240211840359
2011.75,226.597,178.72,199.8,4.11,3.812621692818685,-2.673855034580408,-4.287425149700597
2011.8333333333333,226.75,177.76,197.83,4.07,3.5222681306640524,-3.322999945613758,-5.7009390342723565
2011.9166666666667,227.169,178.51,199.03,3.99,3.451432214581729,-2.607889137432484,-3.1955252918287935
2012.0,227.223,179.12,201.73,3.96,3.062066838419386,-1.5661922294883723,-1.7915388734725757
2012.0833333333333,227.842,178.34,199.56,3.92,3.0087663379855023,-1.382437513824375,-2.7011214041930742
2012.1666666666667,228.329,178.74,201.77,3.89,2.8981784423473878,-0.30676557532488546,1.2088683788122
2012.25,228.807,180.33,206.16,3.95,2.5828752813320977,1.7147047210784638,3.801419868083178
2012.3333333333333,229.187,181.24,208.21,3.91,2.2731633741348567,1.9806437092054985,5.813894394470709
2012.4166666666667,228.713,182.33,211.02,3.8,1.7379429374660749,2.8427999323142883,7.37292016486033
2012.5,228.524,183.06,214.69,3.68,1.653870448297634,2.9583802024746753,9.2514375858735
2012.5833333333333,228.59,183.44,216.49,3.55,1.4175114798464783,2.957849245103006,9.731866795073252
2012.6666666666667,229.918,184.73,217.2,3.6,1.6859349154821235,3.98536448072051,10.186688311688297
2012.75,231.015,185.47,219.3,3.5,1.9497168982819613,3.77685765443152,9.759759759759756
2012.8333333333333,231.638,186.34,220.53,3.38,2.1556780595369363,4.826732673267342,11.474498306626902
2012.9166666666667,231.249,187.2,223.54,3.35,1.7960197033926262,4.868074617668472,12.314726423152278
2013.0,231.221,188.14,225.04,3.35,1.7595049796895523,5.035730236712799,11.555048827640913
2013.0833333333333,231.679,189.47,226.79,3.41,1.684061762098299,6.24088819109565,13.645019041892148
2013.1666666666667,232.937,190.68,228.44,3.53,2.0181404902574807,6.680093991272229,13.218020518412054
2013.25,232.282,192.6,233.02,3.57,1.5187472411246183,6.804192314090818,13.02871556072953
2013.3333333333333,231.797,193.59,235.79,3.45,1.138808047576867,6.81416905760317,13.246241775130873
2013.4166666666667,231.893,195.12,236.93,3.54,1.3903888279197085,7.0147534689848134,12.27845701829211
2013.5,232.445,196.32,238.84,4.07,1.7157935271568725,7.243526712553261,11.248777306814484
2013.5833333333333,232.9,197.45,241.06,4.37,1.885471805415806,7.637374618403836,11.349254007113485
2013.6666666666667,233.456,198.0,242.38,4.46,1.538809488600279,7.183456937151522,11.59300184162062
2013.75,233.544,199.06,243.98,4.49,1.0947341081747997,7.327330565590118,11.253989968080248
2013.8333333333333,233.669,199.54,247.65,4.19,0.8767991434911471,7.08382526564344,12.297646578696785
2013.9166666666667,234.1,199.67,245.79,4.26,1.2328701961954458,6.661324786324796,9.953475887984254
2014.0,234.719,200.82,247.04,4.46,1.5128383667573297,6.739661953864151,9.776039815143967
2014.0833333333333,235.288,201.63,249.3,4.43,1.557758795574915,6.417902570327749,9.925481723180042
2014.1666666666667,235.547,202.46,251.92,4.3,1.1204746347724948,6.1778896580658715,10.278410085799328
2014.25,236.028,203.04,250.74,4.34,1.6126949139408042,5.42056074766355,7.604497468028493
2014.3333333333333,236.468,203.78,252.27,4.34,2.015125303606169,5.263701637481266,6.989270113236357
2014.4166666666667,236.918,204.17,252.6,4.19,2.166947687079812,4.638171381713807,6.613767779512925
2014.5,237.231,205.21,254.42,4.16,2.0589816945944195,4.528321108394473,6.523195444649121
2014.5833333333333,237.498,206.08,254.01,4.13,1.9742378703305974,4.37072676626995,5.372106529494736
2014.6666666666667,237.46,206.82,256.85,4.12,1.7150983482969062,4.454545454545444,5.969964518524651
2014.75,237.477,207.05,257.68,4.16,1.6840509711232077,4.013865166281527,5.615214361832943
2014.8333333333333,237.43,208.21,259.26,4.04,1.6095417021513292,4.344993485015536,4.688067837674126
2014.9166666666667,236.983,209.24,260.71,4.0,1.231524989320798,4.792908298692855,6.07022254770333
2015.0,236.252,210.58,263.93,3.86,0.6531213919623191,4.860073697838874,6.836949481865284
2015.0833333333333,234.747,210.74,265.45,3.71,-0.22993097820542818,4.518176858602407,6.478138788608101
2015.1666666666667,235.342,212.37,267.54,3.71,-0.08703146293520536,4.894794033389305,6.200381073356631
2015.25,235.976,213.09,267.59,3.77,-0.022031284423873476,4.949763593380618,6.720108478902431
2015.3333333333333,236.222,213.84,269.16,3.67,-0.10403098939391064,4.936696437334387,6.69520751575694
2015.4166666666667,237.001,215.06,271.03,3.84,0.03503321824429584,5.33379046872704,7.296120348376878
2015.5,237.657,215.97,272.06,3.98,0.1795718097550525,5.243409190585258,6.933417184183632
2015.5833333333333,238.034,216.95,276.83,4.05,0.22568611104094582,5.274650621118004,8.983898271721591
2015.6666666666667,238.033,217.44,276.28,3.91,0.2413037985344868,5.134899912967805,7.564726494062657
2015.75,237.498,218.51,278.43,3.89,0.008842961634170088,5.534894952909908,8.052623408879223
2015.8333333333333,237.733,219.77,278.87,3.8,0.12761656067050708,5.552086835406556,7.563835531898477
2015.9166666666667,238.017,220.85,283.84,3.94,0.4363182169185187,5.548652265341225,8.87192666180814
2016.0,237.761,221.84,282.72,3.96,0.6387247515364791,5.347136480197534,7.119311938771644
2016.0833333333333,237.652,222.73,284.03,3.87,1.2375025026943876,5.689475182689563,6.999434921830838
2016.1666666666667,237.336,222.94,286.37,3.66,0.8472775790126619,4.977162499411403,7.038199895342756
2016.25,238.08,224.67,289.8,3.69,0.8916160965521946,5.434323525271001,8.30001121118129
2016.3333333333333,238.992,225.81,290.39,3.61,1.1726257503534843,5.597643097643101,7.887501857631141
2016.4166666666667,239.557,226.72,292.51,3.6,1.0784764621246223,5.421742769459681,7.925321920082662
2016.5,240.222,228.01,294.01,3.57,1.0792865347959424,5.574848358568318,8.068073219142825
2016.5833333333333,240.101,229.22,295.09,3.44,0.8683633430518256,5.655681032495963,6.596105913376427
2016.6666666666667,240.545,230.25,297.17,3.44,1.0553158595656864,5.891280353200878,7.561169827711045
2016.75,241.176,231.58,299.25,3.46,1.5486446201652182,5.981419614662964,7.477642495420755
2016.8333333333333,241.741,232.78,302.82,3.47,1.685924966243646,5.919825271875134,8.588231075411468
2016.9166666666667,242.026,233.81,303.07,3.77,1.6843334719788938,5.868236359520029,6.774943630214203
2017.0,242.637,235.36,305.71,4.2,2.0507989115119862,6.094482509917065,8.131720430107503
2017.0833333333333,243.618,235.35,306.37,4.15,2.5103933482571117,5.666053068737931,7.865366334542134
2017.1666666666667,244.006,236.8,309.17,4.17,2.8103616813294208,6.216919350497907,7.9617278346195475
2017.25,243.892,238.25,312.1,4.2,2.44119623655914,6.044420705924258,7.694962042788123
2017.3333333333333,244.193,240.11,313.63,4.05,2.176223471915395,6.332757628094421,8.003030407383172
2017.4166666666667,244.004,241.24,316.45,4.01,1.8563431667619756,6.404375441072685,8.18433557827083
2017.5,244.163,242.15,317.71,3.9,1.640565809959127,6.201482391123192,8.060950307812664
2017.5833333333333,244.243,243.49,319.82,3.97,1.7251073506566073,6.225460256522131,8.380494086549884
2017.6666666666667,245.183,245.09,322.11,3.88,1.92812155729698,6.445168295331172,8.392502607934848
2017.75,246.435,246.07,324.04,3.81,2.1805652303711787,6.25701701355903,8.284043441938183
2017.8333333333333,246.626,247.14,326.8,3.9,2.020757753132485,6.168914855228103,7.918895713625251
2017.9166666666667,247.284,248.74,331.41,3.92,2.172493864295566,6.385526709721567,9.35097502227209
2018.0,247.805,249.8,331.73,3.95,2.129930719552253,6.135282121006114,8.511334271041203
2018.0833333333333,248.859,251.59,335.52,4.03,2.151318868063945,6.900361164223501,9.514639161797822
2018.1666666666667,249.529,253.61,338.25,4.33,2.263468931091861,7.098817567567561,9.405828508587511
2018.25,249.577,254.41,341.16,4.44,2.3309497646499366,6.782791185729264,9.311118231336103
2018.3333333333333,250.227,255.2,342.07,4.47,2.4709963021052994,6.284619549373183,9.068010075566747
2018.4166666666667,250.792,256.58,344.81,4.59,2.781921607842497,6.358812800530589,8.961921314583666
2018.5,251.018,257.67,348.97,4.57,2.8075506935940187,6.409250464588068,9.839161499480674
2018.5833333333333,251.214,258.67,348.59,4.53,2.854124785561929,6.234342272783278,8.995685072853465
2018.6666666666667,251.663,259.95,351.06,4.55,2.6429238568742575,6.063078868986893,8.98761292726087
2018.75,252.182,260.33,353.16,4.63,2.332055105808828,5.795098955581746,8.986544871003588
2018.8333333333333,252.772,261.25,354.66,4.83,2.492032470218053,5.709314558549816,8.525091799265617
2018.9166666666667,252.594,262.86,357.26,4.87,2.147328577667773,5.676610114979508,7.800006034820917
2019.0,252.767,263.51,357.12,4.64,2.0023809043401064,5.488390712570057,7.653814849425733
2019.0833333333333,252.561,264.95,362.07,4.46,1.4875893578291333,5.3102269565562965,7.913090128755362
2019.1666666666667,253.319,265.65,360.63,4.37,1.5188615351321877,4.747446867237071,6.616407982261641
2019.25,254.277,266.62,362.27,4.27,1.8831863513063984,4.799339648598733,6.1877125102591135
2019.3333333333333,255.233,268.21,368.12,4.14,2.000583470209061,5.0979623824451314,7.615400356652158
2019.4166666666667,255.296,269.61,368.83,4.07,1.7959105553606136,5.0783381401512395,6.9661552739189725
2019.5,255.213,270.47,370.63,3.8,1.671194894390049,4.9675942096480075,6.206837263948173
2019.5833333333333,255.802,271.51,373.63,3.77,1.826331335037068,4.963853558588149,7.183223844631237
2019.6666666666667,256.036,272.38,374.35,3.62,1.7376412106666406,4.781688786305072,6.634193585142145
2019.75,256.43,273.91,377.27,3.61,1.6844977040391562,5.216456036568995,6.826933967606741
2019.8333333333333,257.155,275.33,379.33,3.69,1.7339736996186295,5.389473684210522,6.955957818755976
2019.9166666666667,257.879,276.7,381.42,3.7,2.092290394862917,5.2651601613025845,6.762581873145623
2020.0,258.63,278.94,386.63,3.72,2.3195274699624457,5.855565253690576,8.263328853046591
2020.0833333333333,259.127,280.71,389.98,3.62,2.599767976845202,5.948292130590671,7.708454166321443
2020.1666666666667,259.25,282.77,393.18,3.47,2.3413166797595197,6.444569922830801,9.025871391731144
2020.25,258.076,283.5,395.73,3.45,1.4940399642909163,6.33110794389018,9.236205040439472
2020.3333333333333,256.032,284.32,395.29,3.31,0.3130472940411133,6.006487453860787,7.380745409105738
2020.4166666666667,255.802,283.66,394.66,3.23,0.1982013035848551,5.211231037424424,7.003226418675279
2020.5,257.042,286.78,399.79,3.16,0.7166562831830481,6.030243649942668,7.867684752988158
2020.5833333333333,258.352,290.4,405.66,3.02,0.9968647625897997,6.957386468270044,8.572652088965027
2020.6666666666667,259.316,295.24,412.4,2.94,1.2810698495523853,8.392686687715688,10.164284760251086
2020.75,259.997,299.79,420.74,2.89,1.3910228912373812,9.448358950020076,11.522251968086517
2020.8333333333333,260.319,304.41,427.65,2.83,1.2303863428671624,10.561871209094553,12.73824901800542
2020.9166666666667,260.911,307.8,434.92,2.77,1.1757452138405844,11.239609685580065,14.026532431440408
2021.0,262.045,311.73,441.05,2.68,1.3204191315779434,11.755216175521621,14.075472674132893
2021.0833333333333,262.687,315.25,447.55,2.74,1.3738437137002402,12.304513554914331,14.762295502333455
2021.1666666666667,263.579,318.55,454.96,2.81,1.6698167791706853,12.65339321710226,15.712905030774692
2021.25,264.961,323.84,464.75,3.08,2.6678187820641908,14.229276895943554,17.441184646097074
2021.3333333333333,266.614,329.45,476.45,3.06,4.133077115360573,15.872960045019703,20.53176149156315
2021.4166666666667,268.383,335.27,486.89,2.96,4.918257089467626,18.19431714023829,23.369482592611355
2021.5,270.654,341.37,500.77,2.98,5.295632620349999,19.035497593974494,25.258260586808067
2021.5833333333333,271.903,346.4,508.51,2.87,5.245169381309234,19.283746556473822,25.353744515111167
2021.6666666666667,272.676,350.09,518.16,2.84,5.152015301793966,18.57810594770355,25.645004849660523
2021.75,273.91,353.43,521.59,2.9,5.351215590949132,17.892524767337136,23.96967248181776
2021.8333333333333,276.55,357.92,528.99,3.07,6.235042390298062,17.57826615419993,23.696948439144162
2021.9166666666667,278.919,362.53,535.72,3.07,6.901970403700863,17.781026640675755,23.17667617033017
2022.0,280.845,367.56,544.54,3.1,7.174340285065539,17.90972957366952,23.46445981181271
2022.0833333333333,282.543,373.03,553.4,3.45,7.558805726967832,18.328310864393327,23.650988716344546
2022.1666666666667,284.5,379.95,565.8,3.76,7.937278766517819,19.27483911473866,24.362581325830845
2022.25,287.674,385.6,579.84,4.17,8.572204966013853,19.0711462450593,24.763851533082317
2022.3333333333333,288.561,391.93,588.85,4.98,8.231750770777225,18.964941569282146,23.591142827159196
2022.4166666666667,291.298,396.65,595.72,5.23,8.538171195642065,18.30763265427864,22.35207130974144
2022.5,294.957,397.19,591.28,5.52,8.979361103105798,16.351759088379183,18.074165784691566
2022.5833333333333,294.913,394.62,584.48,5.41,8.462576727730099,13.92032332563511,14.939725865764686
2022.6666666666667,295.097,392.05,574.58,5.22,8.222579178218826,11.98548944557114,10.888528639802386
2022.75,296.349,392.35,570.23,6.11,8.192106896425821,11.012081600316904,9.325332157441668
